Workbook

Sheet 📋 Kapak
B2: THE GOVERNANCE
B3: Kurumsal Risk & Teknoloji Yönetişimi · thegovernance.com.tr
B7: TEDARİKÇİ RİSK DEĞERLENDİRME MATRİSİ
B8: Üçüncü Taraf & Tedarik Zinciri Risk Yönetimi — Kurumsal Değerlendirme Aracı
B10: Hazırlayan | E10: The Governance Editörü
B12: Versiyon | E12: v1.0 — Mayıs 2026
B14: Dayanak | E14: ISO 28000 · ISO 20400 · KVKK Md.8 · AB CBAM · Group-IB 2026
B16: Hedef Kitle | E16: COO · Satın Alma · Tedarik Zinciri · Risk & Compliance · İç Denetim
B18: Kullanım | E18: Tedarikçi onboarding, yıllık risk değerlendirme, denetim hazırlığı
B21: TEDARİKÇİ SINIFLANDIRMA SİSTEMİ
B22: KRİTİK | E22: Tek kaynak, ikamesi 30+ gün, kurumsal operasyonu doğrudan etkiler
B23: YÜKSELTİLMİŞ | E23: Alternatif var ama geçiş maliyetli, önemli hizmet kesintisi riski
B24: STANDART | E24: Kolayca değiştirilebilir, kısa geçiş süresi, düşük operasyonel etki
B26: NASIL KULLANILIR?
B27: 1️⃣ 'Tedarikçi Listesi' sekmesinde tüm tedarikçilerinizi girin ve sınıflandırın
B28: 2️⃣ 'Risk Değerlendirme' sekmesinde her tedarikçi için 6 risk kategorisini puanlayın (1-5)
B29: 3️⃣ Ağırlıklı risk skoru otomatik hesaplanır — Düşük / Orta / Yüksek / Kritik
B30: 4️⃣ 'Gösterge Paneli' sekmesinde portföy genelinde risk haritanızı görün
B31: 5️⃣ 'Aksiyon Planı' sekmesinde yüksek riskli tedarikçiler için önlem alın
B32: 6️⃣ Yılda en az bir kez güncelleyin — kritik tedarikçiler için 6 ayda bir
B34: ⚠ Bu araç genel bilgilendirme amacıyla hazırlanmıştır. Kurumunuza özel risk iştahı ve sektör dinamiklerine göre ağırlıklandırmaları güncellemeniz önerilir. © 2026 The Governance · thegovernance.com.tr

Sheet 📦 Tedarikçi Listesi
A1: THE GOVERNANCE · TEDARİKÇİ PORTFÖY LİSTESİ
A2: Tüm tedarikçilerinizi bu sekmede kayıt altına alın — Risk Değerlendirme sekmesine referans oluşturur
A4: # | B4: TEDARİKÇİ ADI | C4: SEKTÖR / KATEGORİ | D4: ÜLKE | E4: SINIFLANDIRMA | F4: YILLIK HARCAMA (TL) | G4: SÖZLEŞME BİTİŞİ | H4: KVKK SÖZLEŞMESİ | I4: ISO SERTİFİKASI | J4: ALTERNATIF VAR MI? | K4: ANA İLETİŞİM | L4: SON DEĞERLENDİRME | M4: NOTLAR
A5: 1 | B5: Bulut Altyapı Sağlayıcısı | C5: BT / Bulut | D5: ABD | E5: 🔴 KRİTİK
A6: 2 | B6: ERP Yazılım Firması | C6: BT / Yazılım | D6: Türkiye | E6: 🔴 KRİTİK
A7: 3 | B7: Siber Güvenlik Hizmetleri | C7: BT / Güvenlik | D7: Türkiye | E7: 🟠 YÜKSELTİLMİŞ
A8: 4 | B8: Lojistik & Taşıma | C8: Lojistik | D8: Türkiye | E8: 🟠 YÜKSELTİLMİŞ
A9: 5 | B9: Üretim Hammadde Tedarikçisi | C9: Üretim | D9: Türkiye | E9: 🔴 KRİTİK
A10: 6 | B10: İK & Bordro Hizmetleri | C10: İnsan Kaynakları | D10: Türkiye | E10: 🟠 YÜKSELTİLMİŞ
A11: 7 | B11: Hukuk Danışmanlığı | C11: Danışmanlık | D11: Türkiye | E11: 🟢 STANDART
A12: 8 | B12: Ofis Malzeme Tedarikçisi | C12: Genel Hizmetler | D12: Türkiye | E12: 🟢 STANDART
A13: 9
A14: 10
A15: 11
A16: 12
A17: 13
A18: 14
A19: 15
A20: 16
A21: 17
A22: 18
A23: 19
A24: 20

Sheet ⚠️ Risk Değerlendirme
A1: THE GOVERNANCE · TEDARİKÇİ RİSK PUANLAMA MATRİSİ
A2: Her kategori için 1 (En Düşük) — 5 (En Yüksek) arasında puan girin · Toplam risk skoru ve seviyesi otomatik hesaplanır
A4: # | B4: TEDARİKÇİ | C4: SINIF | D4: FİNANSAL RİSK (20%) | E4: OPERASYONEL RİSK (25%) | F4: SİBER GÜVENLİK (20%) | G4: UYUM & HUKUK (15%) | H4: JEOPOLİTİK & ÜLKE (10%) | I4: ESG & SÜRD. (10%) | J4: AĞIRLIKLI SKOR | K4: RİSK SEVİYESİ | L4: ÖNCELİK SIRASI
A5: 1 | J5: =IFERROR(ROUND(D5*0.2+E5*0.25+F5*0.2+G5*0.15+H5*0.1+I5*0.1,2),"") | K5: =IFERROR(IF(J5=""," ",IF(J5<=2,"🟢 Düşük",IF(J5<=3,"🟡 Orta",IF(J5<=4,"🟠 Yüksek","🔴 Kritik"))))," ")
A6: 2 | J6: =IFERROR(ROUND(D6*0.2+E6*0.25+F6*0.2+G6*0.15+H6*0.1+I6*0.1,2),"") | K6: =IFERROR(IF(J6=""," ",IF(J6<=2,"🟢 Düşük",IF(J6<=3,"🟡 Orta",IF(J6<=4,"🟠 Yüksek","🔴 Kritik"))))," ")
A7: 3 | J7: =IFERROR(ROUND(D7*0.2+E7*0.25+F7*0.2+G7*0.15+H7*0.1+I7*0.1,2),"") | K7: =IFERROR(IF(J7=""," ",IF(J7<=2,"🟢 Düşük",IF(J7<=3,"🟡 Orta",IF(J7<=4,"🟠 Yüksek","🔴 Kritik"))))," ")
A8: 4 | J8: =IFERROR(ROUND(D8*0.2+E8*0.25+F8*0.2+G8*0.15+H8*0.1+I8*0.1,2),"") | K8: =IFERROR(IF(J8=""," ",IF(J8<=2,"🟢 Düşük",IF(J8<=3,"🟡 Orta",IF(J8<=4,"🟠 Yüksek","🔴 Kritik"))))," ")
A9: 5 | J9: =IFERROR(ROUND(D9*0.2+E9*0.25+F9*0.2+G9*0.15+H9*0.1+I9*0.1,2),"") | K9: =IFERROR(IF(J9=""," ",IF(J9<=2,"🟢 Düşük",IF(J9<=3,"🟡 Orta",IF(J9<=4,"🟠 Yüksek","🔴 Kritik"))))," ")
A10: 6 | J10: =IFERROR(ROUND(D10*0.2+E10*0.25+F10*0.2+G10*0.15+H10*0.1+I10*0.1,2),"") | K10: =IFERROR(IF(J10=""," ",IF(J10<=2,"🟢 Düşük",IF(J10<=3,"🟡 Orta",IF(J10<=4,"🟠 Yüksek","🔴 Kritik"))))," ")
A11: 7 | J11: =IFERROR(ROUND(D11*0.2+E11*0.25+F11*0.2+G11*0.15+H11*0.1+I11*0.1,2),"") | K11: =IFERROR(IF(J11=""," ",IF(J11<=2,"🟢 Düşük",IF(J11<=3,"🟡 Orta",IF(J11<=4,"🟠 Yüksek","🔴 Kritik"))))," ")
A12: 8 | J12: =IFERROR(ROUND(D12*0.2+E12*0.25+F12*0.2+G12*0.15+H12*0.1+I12*0.1,2),"") | K12: =IFERROR(IF(J12=""," ",IF(J12<=2,"🟢 Düşük",IF(J12<=3,"🟡 Orta",IF(J12<=4,"🟠 Yüksek","🔴 Kritik"))))," ")
A13: 9 | J13: =IFERROR(ROUND(D13*0.2+E13*0.25+F13*0.2+G13*0.15+H13*0.1+I13*0.1,2),"") | K13: =IFERROR(IF(J13=""," ",IF(J13<=2,"🟢 Düşük",IF(J13<=3,"🟡 Orta",IF(J13<=4,"🟠 Yüksek","🔴 Kritik"))))," ")
A14: 10 | J14: =IFERROR(ROUND(D14*0.2+E14*0.25+F14*0.2+G14*0.15+H14*0.1+I14*0.1,2),"") | K14: =IFERROR(IF(J14=""," ",IF(J14<=2,"🟢 Düşük",IF(J14<=3,"🟡 Orta",IF(J14<=4,"🟠 Yüksek","🔴 Kritik"))))," ")
A15: 11 | J15: =IFERROR(ROUND(D15*0.2+E15*0.25+F15*0.2+G15*0.15+H15*0.1+I15*0.1,2),"") | K15: =IFERROR(IF(J15=""," ",IF(J15<=2,"🟢 Düşük",IF(J15<=3,"🟡 Orta",IF(J15<=4,"🟠 Yüksek","🔴 Kritik"))))," ")
A16: 12 | J16: =IFERROR(ROUND(D16*0.2+E16*0.25+F16*0.2+G16*0.15+H16*0.1+I16*0.1,2),"") | K16: =IFERROR(IF(J16=""," ",IF(J16<=2,"🟢 Düşük",IF(J16<=3,"🟡 Orta",IF(J16<=4,"🟠 Yüksek","🔴 Kritik"))))," ")
... A19: 15 | J19: =IFERROR(ROUND(D19*0.2+E19*0.25+F19*0.2+G19*0.15+H19*0.1+I19*0.1,2),"") | K19: =IFERROR(IF(J19=""," ",IF(J19<=2,"🟢 Düşük",IF(J19<=3,"🟡 Orta",IF(J19<=4,"🟠 Yüksek","🔴 Kritik"))))," ")
A22: PUANLAMA KILAVUZU — Her kategori için 1-5 arası puan anlamı
A23: PUAN | B23: FİNANSAL RİSK | C23: OPERASYONEL RİSK | D23: SİBER GÜVENLİK | E23: UYUM & HUKUK | F23: JEOPOLİTİK | G23: ESG
A24: 1 — Çok Düşük | B24: Güçlü finansal yapı, A kredi notu | C24: Mükemmel teslimat sicili, yedekli kapasite | D24: ISO 27001 sertifikalı, olgun güvenlik | E24: Tam uyumlu, sertifikalı | F24: İstikrarlı ülke, düşük risk | G24: Güçlü ESG politikaları
A25: 2 — Düşük | B25: İyi finansal durum, istikrarlı | C25: Güvenilir, nadiren gecikme | D25: Temel güvenlik önlemleri mevcut | E25: Büyük ölçüde uyumlu | F25: Düşük-orta ülke riski | G25: Temel ESG uygulamaları
A26: 3 — Orta | B26: Orta finansal durum, izleme gerekir | C26: Zaman zaman gecikme/sorun yaşıyor | D26: Bazı güvenlik boşlukları var | E26: Kısmen uyumlu, gap mevcut | F26: Orta düzey ülke riski | G26: Sınırlı ESG farkındalığı
A27: 4 — Yüksek | B27: Zayıf finansal durum, borç yükü var | C27: Sık gecikme, kapasite sorunları | D27: Önemli güvenlik açıkları | E27: Uyum eksiklikleri ciddi | F27: Yüksek ülke riski | G27: ESG ihlalleri var
A28: 5 — Kritik | B28: Ciddi finansal sıkıntı, iflas riski | C28: Hizmet sürekliliği tehdit altında | D28: Geçmiş ihlal, ihmal seviyesinde | E28: Ciddi yasal ihlaller | F28: Çok yüksek ülke/döviz riski | G28: Ciddi ESG ihlalleri

Sheet 📊 Gösterge Paneli
A1: THE GOVERNANCE · TEDARİKÇİ RİSK PORTFÖY PANELİ
A2: Risk Değerlendirme sekmesindeki puanlar buraya otomatik yansır
A4: TOPLAM TEDARİKÇİ | D4: 🔴 KRİTİK RİSK | G4: 🟠 YÜKSEK RİSK | J4: 🟢 DÜŞÜK/ORTA
A5: =COUNTA('⚠️ Risk Değerlendirme'!B5:B19) | D5: =COUNTIF('⚠️ Risk Değerlendirme'!K5:K19,"🔴 Kritik") | G5: =COUNTIF('⚠️ Risk Değerlendirme'!K5:K19,"🟠 Yüksek") | J5: =COUNTIF('⚠️ Risk Değerlendirme'!K5:K19,"🟢 Düşük")+COUNTIF('⚠️ Risk Değerlendirme'!K5:K19,"🟡 Orta")
A9: PORTFÖY ORT. RİSK SKORU | F9: EN YÜKSEK RİSKLİ TEDARİKÇİLER (İlk 5)
A10: =IFERROR(TEXT(AVERAGE('⚠️ Risk Değerlendirme'!J5:J19),"0.00"),"—") | F10: TEDARİKÇİ | G10: SKOR | H10: SEVİYE | I10: ÖNCELİK
F11: — | G11: — | H11: — | I11: En öncelikli izleme
F12: — | G12: — | H12: — | I12: Acil aksiyon
F13: — | G13: — | H13: — | I13: Yakın takip
F14: — | G14: — | H14: — | I14: Düzenli izleme
F15: — | G15: — | H15: — | I15: İzleme listesi
A16: KVKK VERİ İŞLEME SÖZLEŞMESİ DURUM ÖZETİ
A17: ✅ Sözleşme İmzalı | H17: =COUNTIF('📦 Tedarikçi Listesi'!H5:H24,"✅ Evet")
A18: ❌ Sözleşme Yok | H18: =COUNTIF('📦 Tedarikçi Listesi'!H5:H24,"❌ Hayır")
A19: ⚠️ Beklemede | H19: =COUNTIF('📦 Tedarikçi Listesi'!H5:H24,"⚠️ Beklemede")

Sheet 🎯 Aksiyon Planı
A1: THE GOVERNANCE · TEDARİKÇİ RİSK AKSİYON PLANI
A2: Yüksek ve Kritik riskli tedarikçiler için alınacak önlemleri buraya kaydedin
A3: # | B3: TEDARİKÇİ | C3: RİSK SEVİYESİ | D3: RİSK AÇIKLAMASI | E3: AKSİYON TANIMI | F3: SORUMLU | G3: BAŞLANGIÇ | H3: BİTİŞ TARİHİ | I3: DURUM | J3: MALİYET TAHMİNİ (TL) | K3: NOTLAR
A4: 1 | B4: Bulut Altyapı Sağlayıcısı | C4: 🔴 Kritik | D4: KVKK veri işleme sözleşmesi imzalanmamış, yurt dışı transfer riski | E4: Veri işleme sözleşmesi hazırla ve imzala, SCC ekle
A5: 2 | B5: ERP Yazılım Firması | C5: 🔴 Kritik | D5: Tek tedarikçi bağımlılığı, alternatif yok, lisans yenileme riski | E5: Alternatif ERP seçeneklerini değerlendir, geçiş planı hazırla
A6: 3 | B6: Lojistik & Taşıma | C6: 🟠 Yüksek | D6: İş sürekliliği planı paylaşılmamış, kapasitede sezonsal riskler | E6: BCP belgesi talep et, yedek taşıyıcı anlaşması yap
A7: 4 | B7: Üretim Hammadde Tedarikçisi | C7: 🟠 Yüksek | D7: Jeopolitik risk yüksek, tek kaynak, stok tamponu yetersiz | E7: Minimum 45 günlük stok tamponu oluştur, 2. tedarikçi bul
A8: 5
A9: 6
A10: 7
A11: 8
A12: 9
A13: 10
A14: 11
A15: 12
